Workbook

Sheet داشبورد
A1: داشبورد مدیریت حسابداری چندشرکتی - سال ۱۴۰۵
A3: فیلتر شرکت | B3: همه شرکت‌ها | C3: تاریخ امروز میلادی | D3: =TODAY() | E3: امروز شمسی | F3: =XLOOKUP(TODAY(),'تقویم 1405'!$A:$A,'تقویم 1405'!$B:$B,"خارج از سال ۱۴۰۵")
A5: شاخص | B5: مقدار | C5: توضیح
A6: کل کارها | B6: =IF($B$3="همه شرکت‌ها",COUNTA('کارهای 1405'!$D:$D)-1,COUNTIF('کارهای 1405'!$B:$B,$B$3)) | C6: همه کارهای ثبت‌شده/پیش‌فرض
A7: کارهای باز | B7: =IF($B$3="همه شرکت‌ها",COUNTIFS('کارهای 1405'!$L:$L,"<>انجام شده",'کارهای 1405'!$L:$L,"<>لغو شده",'کارهای 1405'!$D:$D,"<>"),COUNTIFS('کارهای 1405'!$B:$B,$B$3,'کارهای 1405'!$L:$L,"<>انجام شده",'کارهای 1405'!$L:$L,"<>لغو شده",'کارهای 1405'!$D:$D,"<>")) | C7: انجام‌نشده و لغونشده
A8: عقب‌افتاده | B8: =IF($B$3="همه شرکت‌ها",COUNTIFS('کارهای 1405'!$M:$M,"عقب‌افتاده"),COUNTIFS('کارهای 1405'!$B:$B,$B$3,'کارهای 1405'!$M:$M,"عقب‌افتاده")) | C8: سررسید گذشته و هنوز انجام نشده
A9: سررسید امروز | B9: =IF($B$3="همه شرکت‌ها",COUNTIFS('کارهای 1405'!$M:$M,"امروز"),COUNTIFS('کارهای 1405'!$B:$B,$B$3,'کارهای 1405'!$M:$M,"امروز")) | C9: کارهایی که امروز باید انجام شوند
A10: تا ۷ روز آینده | B10: =IF($B$3="همه شرکت‌ها",COUNTIFS('کارهای 1405'!$M:$M,"تا ۷ روز"),COUNTIFS('کارهای 1405'!$B:$B,$B$3,'کارهای 1405'!$M:$M,"تا ۷ روز")) | C10: هشدار زودهنگام
A11: تا ۱۵ روز آینده | B11: =IF($B$3="همه شرکت‌ها",COUNTIFS('کارهای 1405'!$M:$M,"تا ۱۵ روز"),COUNTIFS('کارهای 1405'!$B:$B,$B$3,'کارهای 1405'!$M:$M,"تا ۱۵ روز")) | C11: برنامه‌ریزی قبل از لحظه آخر
A12: انجام شده | B12: =IF($B$3="همه شرکت‌ها",COUNTIFS('کارهای 1405'!$L:$L,"انجام شده"),COUNTIFS('کارهای 1405'!$B:$B,$B$3,'کارهای 1405'!$L:$L,"انجام شده")) | C12: کارهای بسته‌شده
A13: نرخ انجام | B13: =IFERROR(B12/B6,0) | C13: انجام شده / کل کارها
A15: روش استفاده: هر روز ابتدا داشبورد و سپس شیت «کارهای 1405» را فیلتر کنید. با تغییر وضعیت، تاریخ انجام یا شرکت، گزارش‌ها خودکار به‌روز می‌شوند.
A17: شرکت | B17: کل | C17: باز | D17: انجام شده | E17: عقب‌افتاده | F17: امروز | G17: تا ۷ روز | H17: نرخ انجام
A18: موسسه شهر کتاب مرکزی | B18: =COUNTIF('کارهای 1405'!$B:$B,A18) | C18: =COUNTIFS('کارهای 1405'!$B:$B,A18,'کارهای 1405'!$L:$L,"<>انجام شده",'کارهای 1405'!$L:$L,"<>لغو شده") | D18: =COUNTIFS('کارهای 1405'!$B:$B,A18,'کارهای 1405'!$L:$L,"انجام شده") | E18: =COUNTIFS('کارهای 1405'!$B:$B,A18,'کارهای 1405'!$M:$M,"عقب‌افتاده") | F18: =COUNTIFS('کارهای 1405'!$B:$B,A18,'کارهای 1405'!$M:$M,"امروز") | G18: =COUNTIFS('کارهای 1405'!$B:$B,A18,'کارهای 1405'!$M:$M,"تا ۷ روز") | H18: =IFERROR(D18/B18,0)
A19: فروشگاه شهر کتاب مرکزی | B19: =COUNTIF('کارهای 1405'!$B:$B,A19) | C19: =COUNTIFS('کارهای 1405'!$B:$B,A19,'کارهای 1405'!$L:$L,"<>انجام شده",'کارهای 1405'!$L:$L,"<>لغو شده") | D19: =COUNTIFS('کارهای 1405'!$B:$B,A19,'کارهای 1405'!$L:$L,"انجام شده") | E19: =COUNTIFS('کارهای 1405'!$B:$B,A19,'کارهای 1405'!$M:$M,"عقب‌افتاده") | F19: =COUNTIFS('کارهای 1405'!$B:$B,A19,'کارهای 1405'!$M:$M,"امروز") | G19: =COUNTIFS('کارهای 1405'!$B:$B,A19,'کارهای 1405'!$M:$M,"تا ۷ روز") | H19: =IFERROR(D19/B19,0)
A20: رستگار صنعت پارس | B20: =COUNTIF('کارهای 1405'!$B:$B,A20) | C20: =COUNTIFS('کارهای 1405'!$B:$B,A20,'کارهای 1405'!$L:$L,"<>انجام شده",'کارهای 1405'!$L:$L,"<>لغو شده") | D20: =COUNTIFS('کارهای 1405'!$B:$B,A20,'کارهای 1405'!$L:$L,"انجام شده") | E20: =COUNTIFS('کارهای 1405'!$B:$B,A20,'کارهای 1405'!$M:$M,"عقب‌افتاده") | F20: =COUNTIFS('کارهای 1405'!$B:$B,A20,'کارهای 1405'!$M:$M,"امروز") | G20: =COUNTIFS('کارهای 1405'!$B:$B,A20,'کارهای 1405'!$M:$M,"تا ۷ روز") | H20: =IFERROR(D20/B20,0)
A21: کیوان الکترونیک ایرانیان | B21: =COUNTIF('کارهای 1405'!$B:$B,A21) | C21: =COUNTIFS('کارهای 1405'!$B:$B,A21,'کارهای 1405'!$L:$L,"<>انجام شده",'کارهای 1405'!$L:$L,"<>لغو شده") | D21: =COUNTIFS('کارهای 1405'!$B:$B,A21,'کارهای 1405'!$L:$L,"انجام شده") | E21: =COUNTIFS('کارهای 1405'!$B:$B,A21,'کارهای 1405'!$M:$M,"عقب‌افتاده") | F21: =COUNTIFS('کارهای 1405'!$B:$B,A21,'کارهای 1405'!$M:$M,"امروز") | G21: =COUNTIFS('کارهای 1405'!$B:$B,A21,'کارهای 1405'!$M:$M,"تا ۷ روز") | H21: =IFERROR(D21/B21,0)
A22: کیهان توسعه البرز | B22: =COUNTIF('کارهای 1405'!$B:$B,A22) | C22: =COUNTIFS('کارهای 1405'!$B:$B,A22,'کارهای 1405'!$L:$L,"<>انجام شده",'کارهای 1405'!$L:$L,"<>لغو شده") | D22: =COUNTIFS('کارهای 1405'!$B:$B,A22,'کارهای 1405'!$L:$L,"انجام شده") | E22: =COUNTIFS('کارهای 1405'!$B:$B,A22,'کارهای 1405'!$M:$M,"عقب‌افتاده") | F22: =COUNTIFS('کارهای 1405'!$B:$B,A22,'کارهای 1405'!$M:$M,"امروز") | G22: =COUNTIFS('کارهای 1405'!$B:$B,A22,'کارهای 1405'!$M:$M,"تا ۷ روز") | H22: =IFERROR(D22/B22,0)

Sheet کارهای 1405
A1: کد کار | B1: شرکت | C1: گروه کار | D1: شرح کار | E1: تناوب | F1: دوره/ماه | G1: تاریخ سررسید میلادی | H1: تاریخ سررسید شمسی | I1: روز یادآوری | J1: تاریخ یادآوری میلادی | K1: اولویت | L1: وضعیت | M1: وضعیت سررسید | N1: مسئول/پیگیر | O1: درصد پیشرفت | P1: تاریخ انجام | Q1: توضیحات | R1: منبع/نوع | S1: کد الگو | T1: قابل ویرایش؟
A2: 1405-0001 | B2: موسسه شهر کتاب مرکزی | C2: پایان ماه | D2: مغایرت‌گیری بانکی ماه فروردین | E2: ماهانه | F2: فروردین | G2: 46137 | H2: 1405/02/05 | I2: 5 | J2: =IF(G2="","",G2-I2) | K2: بالا | L2: باز | M2: =IF(D2="","",IF(L2="انجام شده","انجام شده",IF(L2="لغو شده","لغو شده",IF(G2<TODAY(),"عقب‌افتاده",IF(G2=TODAY(),"امروز",IF(G2<=TODAY()+7,"تا ۷ روز",IF(G2<=TODAY()+15,"تا ۱۵ روز","آینده"))))))) | O2: 0 | R2: پیش‌فرض 1405 | S2: T101 | T2: بله
A3: 1405-0002 | B3: موسسه شهر کتاب مرکزی | C3: پایان ماه | D3: کنترل نهایی اسناد ماه فروردین | E3: ماهانه | F3: فروردین | G3: 46139 | H3: 1405/02/07 | I3: 5 | J3: =IF(G3="","",G3-I3) | K3: بالا | L3: باز | M3: =IF(D3="","",IF(L3="انجام شده","انجام شده",IF(L3="لغو شده","لغو شده",IF(G3<TODAY(),"عقب‌افتاده",IF(G3=TODAY(),"امروز",IF(G3<=TODAY()+7,"تا ۷ روز",IF(G3<=TODAY()+15,"تا ۱۵ روز","آینده"))))))) | O3: 0 | R3: پیش‌فرض 1405 | S3: T102 | T3: بله
A4: 1405-0003 | B4: موسسه شهر کتاب مرکزی | C4: پایان ماه | D4: بستن حساب‌های ماه فروردین و کنترل مانده‌ها | E4: ماهانه | F4: فروردین | G4: 46142 | H4: 1405/02/10 | I4: 7 | J4: =IF(G4="","",G4-I4) | K4: بالا | L4: باز | M4: =IF(D4="","",IF(L4="انجام شده","انجام شده",IF(L4="لغو شده","لغو شده",IF(G4<TODAY(),"عقب‌افتاده",IF(G4=TODAY(),"امروز",IF(G4<=TODAY()+7,"تا ۷ روز",IF(G4<=TODAY()+15,"تا ۱۵ روز","آینده"))))))) | O4: 0 | R4: پیش‌فرض 1405 | S4: T103 | T4: بله
A5: 1405-0004 | B5: موسسه شهر کتاب مرکزی | C5: گزارش | D5: تهیه گزارش مدیریت ماه فروردین | E5: ماهانه | F5: فروردین | G5: 46142 | H5: 1405/02/10 | I5: 5 | J5: =IF(G5="","",G5-I5) | K5: متوسط | L5: باز | M5: =IF(D5="","",IF(L5="انجام شده","انجام شده",IF(L5="لغو شده","لغو شده",IF(G5<TODAY(),"عقب‌افتاده",IF(G5=TODAY(),"امروز",IF(G5<=TODAY()+7,"تا ۷ روز",IF(G5<=TODAY()+15,"تا ۱۵ روز","آینده"))))))) | O5: 0 | R5: پیش‌فرض 1405 | S5: T104 | T5: بله
A6: 1405-0005 | B6: موسسه شهر کتاب مرکزی | C6: حقوق و دستمزد | D6: محاسبه حقوق و دستمزد ماه فروردین | E6: ماهانه | F6: فروردین | G6: 46129 | H6: 1405/01/28 | I6: 5 | J6: =IF(G6="","",G6-I6) | K6: بالا | L6: باز | M6: =IF(D6="","",IF(L6="انجام شده","انجام شده",IF(L6="لغو شده","لغو شده",IF(G6<TODAY(),"عقب‌افتاده",IF(G6=TODAY(),"امروز",IF(G6<=TODAY()+7,"تا ۷ روز",IF(G6<=TODAY()+15,"تا ۱۵ روز","آینده"))))))) | O6: 0 | R6: پیش‌فرض 1405 | S6: T105 | T6: بله
A7: 1405-0006 | B7: موسسه شهر کتاب مرکزی | C7: حقوق و دستمزد | D7: ارسال/پرداخت لیست بیمه ماه فروردین | E7: ماهانه | F7: فروردین | G7: 46163 | H7: 1405/02/31 | I7: 7 | J7: =IF(G7="","",G7-I7) | K7: خیلی بالا | L7: باز | M7: =IF(D7="","",IF(L7="انجام شده","انجام شده",IF(L7="لغو شده","لغو شده",IF(G7<TODAY(),"عقب‌افتاده",IF(G7=TODAY(),"امروز",IF(G7<=TODAY()+7,"تا ۷ روز",IF(G7<=TODAY()+15,"تا ۱۵ روز","آینده"))))))) | O7: 0 | R7: پیش‌فرض 1405 | S7: T106 | T7: بله
A8: 1405-0007 | B8: موسسه شهر کتاب مرکزی | C8: حقوق و دستمزد | D8: ارسال/پرداخت مالیات حقوق ماه فروردین | E8: ماهانه | F8: فروردین | G8: 46163 | H8: 1405/02/31 | I8: 7 | J8: =IF(G8="","",G8-I8) | K8: خیلی بالا | L8: باز | M8: =IF(D8="","",IF(L8="انجام شده","انجام شده",IF(L8="لغو شده","لغو شده",IF(G8<TODAY(),"عقب‌افتاده",IF(G8=TODAY(),"امروز",IF(G8<=TODAY()+7,"تا ۷ روز",IF(G8<=TODAY()+15,"تا ۱۵ روز","آینده"))))))) | O8: 0 | R8: پیش‌فرض 1405 | S8: T107 | T8: بله
A9: 1405-0008 | B9: موسسه شهر کتاب مرکزی | C9: بایگانی | D9: بایگانی مدارک و اسناد ماه فروردین | E9: ماهانه | F9: فروردین | G9: 46147 | H9: 1405/02/15 | I9: 3 | J9: =IF(G9="","",G9-I9) | K9: متوسط | L9: باز | M9: =IF(D9="","",IF(L9="انجام شده","انجام شده",IF(L9="لغو شده","لغو شده",IF(G9<TODAY(),"عقب‌افتاده",IF(G9=TODAY(),"امروز",IF(G9<=TODAY()+7,"تا ۷ روز",IF(G9<=TODAY()+15,"تا ۱۵ روز","آینده"))))))) | O9: 0 | R9: پیش‌فرض 1405 | S9: T108 | T9: بله
A10: 1405-0009 | B10: موسسه شهر کتاب مرکزی | C10: پایان ماه | D10: مغایرت‌گیری بانکی ماه اردیبهشت | E10: ماهانه | F10: اردیبهشت | G10: 46168 | H10: 1405/03/05 | I10: 5 | J10: =IF(G10="","",G10-I10) | K10: بالا | L10: باز | M10: =IF(D10="","",IF(L10="انجام شده","انجام شده",IF(L10="لغو شده","لغو شده",IF(G10<TODAY(),"عقب‌افتاده",IF(G10=TODAY(),"امروز",IF(G10<=TODAY()+7,"تا ۷ روز",IF(G10<=TODAY()+15,"تا ۱۵ روز","آینده"))))))) | O10: 0 | R10: پیش‌فرض 1405 | S10: T101 | T10: بله
A11: 1405-0010 | B11: موسسه شهر کتاب مرکزی | C11: پایان ماه | D11: کنترل نهایی اسناد ماه اردیبهشت | E11: ماهانه | F11: اردیبهشت | G11: 46170 | H11: 1405/03/07 | I11: 5 | J11: =IF(G11="","",G11-I11) | K11: بالا | L11: باز | M11: =IF(D11="","",IF(L11="انجام شده","انجام شده",IF(L11="لغو شده","لغو شده",IF(G11<TODAY(),"عقب‌افتاده",IF(G11=TODAY(),"امروز",IF(G11<=TODAY()+7,"تا ۷ روز",IF(G11<=TODAY()+15,"تا ۱۵ روز","آینده"))))))) | O11: 0 | R11: پیش‌فرض 1405 | S11: T102 | T11: بله
A12: 1405-0011 | B12: موسسه شهر کتاب مرکزی | C12: پایان ماه | D12: بستن حساب‌های ماه اردیبهشت و کنترل مانده‌ها | E12: ماهانه | F12: اردیبهشت | G12: 46173 | H12: 1405/03/10 | I12: 7 | J12: =IF(G12="","",G12-I12) | K12: بالا | L12: باز | M12: =IF(D12="","",IF(L12="انجام شده","انجام شده",IF(L12="لغو شده","لغو شده",IF(G12<TODAY(),"عقب‌افتاده",IF(G12=TODAY(),"امروز",IF(G12<=TODAY()+7,"تا ۷ روز",IF(G12<=TODAY()+15,"تا ۱۵ روز","آینده"))))))) | O12: 0 | R12: پیش‌فرض 1405 | S12: T103 | T12: بله
A13: 1405-0012 | B13: موسسه شهر کتاب مرکزی | C13: گزارش | D13: تهیه گزارش مدیریت ماه اردیبهشت | E13: ماهانه | F13: اردیبهشت | G13: 46173 | H13: 1405/03/10 | I13: 5 | J13: =IF(G13="","",G13-I13) | K13: متوسط | L13: باز | M13: =IF(D13="","",IF(L13="انجام شده","انجام شده",IF(L13="لغو شده","لغو شده",IF(G13<TODAY(),"عقب‌افتاده",IF(G13=TODAY(),"امروز",IF(G13<=TODAY()+7,"تا ۷ روز",IF(G13<=TODAY()+15,"تا ۱۵ روز","آینده"))))))) | O13: 0 | R13: پیش‌فرض 1405 | S13: T104 | T13: بله
... A551: 1405-0550 | B551: کیهان توسعه البرز | C551: سالانه | D551: کنترل نهایی حساب‌ها، بستن سال مالی 1405 و انتقال مانده‌ها | E551: سالانه | F551: سال 1405 | G551: 46497 | H551: 1406/01/31 | I551: 30 | J551: =IF(G551="","",G551-I551) | K551: خیلی بالا | L551: باز | M551: =IF(D551="","",IF(L551="انجام شده","انجام شده",IF(L551="لغو شده","لغو شده",IF(G551<TODAY(),"عقب‌افتاده",IF(G551=TODAY(),"امروز",IF(G551<=TODAY()+7,"تا ۷ روز",IF(G551<=TODAY()+15,"تا ۱۵ روز","آینده"))))))) | O551: 0 | R551: پیش‌فرض 1405 | S551: T302 | T551: بله
J552: =IF(G552="","",G552-I552) | M552: =IF(D552="","",IF(L552="انجام شده","انجام شده",IF(L552="لغو شده","لغو شده",IF(G552<TODAY(),"عقب‌افتاده",IF(G552=TODAY(),"امروز",IF(G552<=TODAY()+7,"تا ۷ روز",IF(G552<=TODAY()+15,"تا ۱۵ روز","آینده")))))))
J553: =IF(G553="","",G553-I553) | M553: =IF(D553="","",IF(L553="انجام شده","انجام شده",IF(L553="لغو شده","لغو شده",IF(G553<TODAY(),"عقب‌افتاده",IF(G553=TODAY(),"امروز",IF(G553<=TODAY()+7,"تا ۷ روز",IF(G553<=TODAY()+15,"تا ۱۵ روز","آینده")))))))
J554: =IF(G554="","",G554-I554) | M554: =IF(D554="","",IF(L554="انجام شده","انجام شده",IF(L554="لغو شده","لغو شده",IF(G554<TODAY(),"عقب‌افتاده",IF(G554=TODAY(),"امروز",IF(G554<=TODAY()+7,"تا ۷ روز",IF(G554<=TODAY()+15,"تا ۱۵ روز","آینده")))))))
J555: =IF(G555="","",G555-I555) | M555: =IF(D555="","",IF(L555="انجام شده","انجام شده",IF(L555="لغو شده","لغو شده",IF(G555<TODAY(),"عقب‌افتاده",IF(G555=TODAY(),"امروز",IF(G555<=TODAY()+7,"تا ۷ روز",IF(G555<=TODAY()+15,"تا ۱۵ روز","آینده")))))))
J556: =IF(G556="","",G556-I556) | M556: =IF(D556="","",IF(L556="انجام شده","انجام شده",IF(L556="لغو شده","لغو شده",IF(G556<TODAY(),"عقب‌افتاده",IF(G556=TODAY(),"امروز",IF(G556<=TODAY()+7,"تا ۷ روز",IF(G556<=TODAY()+15,"تا ۱۵ روز","آینده")))))))
J557: =IF(G557="","",G557-I557) | M557: =IF(D557="","",IF(L557="انجام شده","انجام شده",IF(L557="لغو شده","لغو شده",IF(G557<TODAY(),"عقب‌افتاده",IF(G557=TODAY(),"امروز",IF(G557<=TODAY()+7,"تا ۷ روز",IF(G557<=TODAY()+15,"تا ۱۵ روز","آینده")))))))
J558: =IF(G558="","",G558-I558) | M558: =IF(D558="","",IF(L558="انجام شده","انجام شده",IF(L558="لغو شده","لغو شده",IF(G558<TODAY(),"عقب‌افتاده",IF(G558=TODAY(),"امروز",IF(G558<=TODAY()+7,"تا ۷ روز",IF(G558<=TODAY()+15,"تا ۱۵ روز","آینده")))))))
J559: =IF(G559="","",G559-I559) | M559: =IF(D559="","",IF(L559="انجام شده","انجام شده",IF(L559="لغو شده","لغو شده",IF(G559<TODAY(),"عقب‌افتاده",IF(G559=TODAY(),"امروز",IF(G559<=TODAY()+7,"تا ۷ روز",IF(G559<=TODAY()+15,"تا ۱۵ روز","آینده")))))))
J560: =IF(G560="","",G560-I560) | M560: =IF(D560="","",IF(L560="انجام شده","انجام شده",IF(L560="لغو شده","لغو شده",IF(G560<TODAY(),"عقب‌افتاده",IF(G560=TODAY(),"امروز",IF(G560<=TODAY()+7,"تا ۷ روز",IF(G560<=TODAY()+15,"تا ۱۵ روز","آینده")))))))
J561: =IF(G561="","",G561-I561) | M561: =IF(D561="","",IF(L561="انجام شده","انجام شده",IF(L561="لغو شده","لغو شده",IF(G561<TODAY(),"عقب‌افتاده",IF(G561=TODAY(),"امروز",IF(G561<=TODAY()+7,"تا ۷ روز",IF(G561<=TODAY()+15,"تا ۱۵ روز","آینده")))))))
J562: =IF(G562="","",G562-I562) | M562: =IF(D562="","",IF(L562="انجام شده","انجام شده",IF(L562="لغو شده","لغو شده",IF(G562<TODAY(),"عقب‌افتاده",IF(G562=TODAY(),"امروز",IF(G562<=TODAY()+7,"تا ۷ روز",IF(G562<=TODAY()+15,"تا ۱۵ روز","آینده")))))))
J563: =IF(G563="","",G563-I563) | M563: =IF(D563="","",IF(L563="انجام شده","انجام شده",IF(L563="لغو شده","لغو شده",IF(G563<TODAY(),"عقب‌افتاده",IF(G563=TODAY(),"امروز",IF(G563<=TODAY()+7,"تا ۷ روز",IF(G563<=TODAY()+15,"تا ۱۵ روز","آینده")))))))
... J670: =IF(G670="","",G670-I670) | M670: =IF(D670="","",IF(L670="انجام شده","انجام شده",IF(L670="لغو شده","لغو شده",IF(G670<TODAY(),"عقب‌افتاده",IF(G670=TODAY(),"امروز",IF(G670<=TODAY()+7,"تا ۷ روز",IF(G670<=TODAY()+15,"تا ۱۵ روز","آینده")))))))

Sheet شرکت‌ها
A1: نام شرکت | B1: نوع مجموعه | C1: روز/ساعت حضور | D1: نرم‌افزار حسابداری | E1: مدیرعامل | F1: مدیر مالی | G1: شماره تماس | H1: آدرس | I1: نام کاربری سامانه مالیات | J1: کد کارگاه/بیمه | K1: توضیحات
A2: موسسه شهر کتاب مرکزی | B2: موسسه | C2: شنبه کامل، دوشنبه نصف‌روز | K2: برنامه حضور طبق فایل متنی
A3: فروشگاه شهر کتاب مرکزی | B3: فروشگاه | C3: چهارشنبه، دوشنبه نصف‌روز | K3: برنامه حضور طبق فایل متنی
A4: رستگار صنعت پارس | B4: شرکت | C4: یکشنبه و سه‌شنبه | K4: برنامه حضور طبق فایل متنی
A5: کیوان الکترونیک ایرانیان | B5: شرکت | C5: پنجشنبه | K5: برنامه حضور طبق فایل متنی
A6: کیهان توسعه البرز | B6: شرکت | C6: روز حضور را تکمیل کنید | K6: شرکت پنجم در ادامه متن اضافه شد

Sheet برنامه حضور هفتگی
A1: ترتیب | B1: روز | C1: بازه حضور | D1: شرکت | E1: نوع حضور | F1: کارهای پیشنهادی همان روز
A2: 1 | B2: شنبه | C2: کامل | D2: موسسه شهر کتاب مرکزی | E2: حضور ثابت | F2: بررسی بانک، صندوق، اسناد، پیگیری‌های باز و کارهای سررسید
A3: 2 | B3: یکشنبه | C3: کامل | D3: رستگار صنعت پارس | E3: حضور ثابت | F3: ثبت اسناد، کنترل خرید/فروش، مغایرت بانکی، پیگیری‌ها
A4: 3 | B4: دوشنبه | C4: صبح / نصف‌روز | D4: موسسه شهر کتاب مرکزی | E4: حضور ثابت | F4: کارهای فوری، پیگیری بیمه/حقوق/مالیات، کنترل اسناد
A5: 4 | B5: دوشنبه | C5: عصر / نصف‌روز | D5: فروشگاه شهر کتاب مرکزی | E5: حضور ثابت | F5: کنترل فروش، صندوق، بانک، چک‌ها و بایگانی
A6: 5 | B6: سه‌شنبه | C6: کامل | D6: رستگار صنعت پارس | E6: حضور ثابت | F6: رفع خطا، گزارش مدیریتی، کنترل اسناد و پرداخت‌ها
A7: 6 | B7: چهارشنبه | C7: کامل | D7: فروشگاه شهر کتاب مرکزی | E7: حضور ثابت | F7: کنترل صندوق/بانک، فاکتورها، چک‌ها و گزارش هفتگی
A8: 7 | B8: پنجشنبه | C8: کامل | D8: کیوان الکترونیک ایرانیان | E8: حضور ثابت | F8: کارهای هفته، سررسیدهای قانونی، مغایرت و گزارش‌ها
A9: 8 | B9: نیازمند تکمیل | C9: نامشخص | D9: کیهان توسعه البرز | E9: تکمیل توسط کاربر | F9: روز حضور را مشخص کنید

Sheet تقویم 1405
A1: تاریخ میلادی | B1: تاریخ شمسی | C1: ماه | D1: روز ماه | E1: فصل | F1: یادداشت | G1: تعداد سررسید | H1: تعداد کار باز | I1: توضیحات
A2: 46102 | B2: 1405/01/01 | C2: فروردین | D2: 1 | E2: بهار | G2: =COUNTIF('کارهای 1405'!$G:$G,A2) | H2: =COUNTIFS('کارهای 1405'!$G:$G,A2,'کارهای 1405'!$L:$L,"<>انجام شده",'کارهای 1405'!$L:$L,"<>لغو شده")
A3: 46103 | B3: 1405/01/02 | C3: فروردین | D3: 2 | E3: بهار | G3: =COUNTIF('کارهای 1405'!$G:$G,A3) | H3: =COUNTIFS('کارهای 1405'!$G:$G,A3,'کارهای 1405'!$L:$L,"<>انجام شده",'کارهای 1405'!$L:$L,"<>لغو شده")
A4: 46104 | B4: 1405/01/03 | C4: فروردین | D4: 3 | E4: بهار | G4: =COUNTIF('کارهای 1405'!$G:$G,A4) | H4: =COUNTIFS('کارهای 1405'!$G:$G,A4,'کارهای 1405'!$L:$L,"<>انجام شده",'کارهای 1405'!$L:$L,"<>لغو شده")
A5: 46105 | B5: 1405/01/04 | C5: فروردین | D5: 4 | E5: بهار | G5: =COUNTIF('کارهای 1405'!$G:$G,A5) | H5: =COUNTIFS('کارهای 1405'!$G:$G,A5,'کارهای 1405'!$L:$L,"<>انجام شده",'کارهای 1405'!$L:$L,"<>لغو شده")
A6: 46106 | B6: 1405/01/05 | C6: فروردین | D6: 5 | E6: بهار | G6: =COUNTIF('کارهای 1405'!$G:$G,A6) | H6: =COUNTIFS('کارهای 1405'!$G:$G,A6,'کارهای 1405'!$L:$L,"<>انجام شده",'کارهای 1405'!$L:$L,"<>لغو شده")
A7: 46107 | B7: 1405/01/06 | C7: فروردین | D7: 6 | E7: بهار | G7: =COUNTIF('کارهای 1405'!$G:$G,A7) | H7: =COUNTIFS('کارهای 1405'!$G:$G,A7,'کارهای 1405'!$L:$L,"<>انجام شده",'کارهای 1405'!$L:$L,"<>لغو شده")
A8: 46108 | B8: 1405/01/07 | C8: فروردین | D8: 7 | E8: بهار | G8: =COUNTIF('کارهای 1405'!$G:$G,A8) | H8: =COUNTIFS('کارهای 1405'!$G:$G,A8,'کارهای 1405'!$L:$L,"<>انجام شده",'کارهای 1405'!$L:$L,"<>لغو شده")
A9: 46109 | B9: 1405/01/08 | C9: فروردین | D9: 8 | E9: بهار | G9: =COUNTIF('کارهای 1405'!$G:$G,A9) | H9: =COUNTIFS('کارهای 1405'!$G:$G,A9,'کارهای 1405'!$L:$L,"<>انجام شده",'کارهای 1405'!$L:$L,"<>لغو شده")
A10: 46110 | B10: 1405/01/09 | C10: فروردین | D10: 9 | E10: بهار | G10: =COUNTIF('کارهای 1405'!$G:$G,A10) | H10: =COUNTIFS('کارهای 1405'!$G:$G,A10,'کارهای 1405'!$L:$L,"<>انجام شده",'کارهای 1405'!$L:$L,"<>لغو شده")
A11: 46111 | B11: 1405/01/10 | C11: فروردین | D11: 10 | E11: بهار | G11: =COUNTIF('کارهای 1405'!$G:$G,A11) | H11: =COUNTIFS('کارهای 1405'!$G:$G,A11,'کارهای 1405'!$L:$L,"<>انجام شده",'کارهای 1405'!$L:$L,"<>لغو شده")
A12: 46112 | B12: 1405/01/11 | C12: فروردین | D12: 11 | E12: بهار | G12: =COUNTIF('کارهای 1405'!$G:$G,A12) | H12: =COUNTIFS('کارهای 1405'!$G:$G,A12,'کارهای 1405'!$L:$L,"<>انجام شده",'کارهای 1405'!$L:$L,"<>لغو شده")
A13: 46113 | B13: 1405/01/12 | C13: فروردین | D13: 12 | E13: بهار | G13: =COUNTIF('کارهای 1405'!$G:$G,A13) | H13: =COUNTIFS('کارهای 1405'!$G:$G,A13,'کارهای 1405'!$L:$L,"<>انجام شده",'کارهای 1405'!$L:$L,"<>لغو شده")
... A366: 46466 | B366: 1405/12/29 | C366: اسفند | D366: 29 | E366: زمستان | G366: =COUNTIF('کارهای 1405'!$G:$G,A366) | H366: =COUNTIFS('کارهای 1405'!$G:$G,A366,'کارهای 1405'!$L:$L,"<>انجام شده",'کارهای 1405'!$L:$L,"<>لغو شده")

Sheet الگوهای کار
A1: کد الگو | B1: گروه کار | C1: شرح کار | D1: تناوب | E1: سررسید پیش‌فرض | F1: روز یادآوری | G1: اولویت | H1: توضیح
A2: T001 | B2: حضور/روزانه | C2: کنترل صندوق و تنخواه | D2: حضور/روزانه | E2: همان روز حضور | F2: 1 | G2: بالا | H2: چک‌لیست حضور
A3: T002 | B3: حضور/روزانه | C3: کنترل بانک و تراکنش‌های روزهای قبل | D3: حضور/روزانه | E3: همان روز حضور | F3: 1 | G3: بالا | H3: چک‌لیست حضور
A4: T003 | B4: حضور/روزانه | C4: ثبت اسناد حسابداری عقب‌مانده | D4: حضور/روزانه | E4: همان روز حضور | F4: 1 | G4: بالا
A5: T004 | B5: حضور/روزانه | C5: کنترل فاکتورهای خرید | D5: حضور/روزانه | E5: همان روز حضور | F5: 1 | G5: متوسط
A6: T005 | B6: حضور/روزانه | C6: کنترل فاکتورهای فروش | D6: حضور/روزانه | E6: همان روز حضور | F6: 1 | G6: متوسط
A7: T006 | B7: حضور/روزانه | C7: کنترل چک‌های دریافتی و پرداختنی | D7: حضور/روزانه | E7: همان روز حضور | F7: 1 | G7: بالا
A8: T101 | B8: پایان ماه | C8: مغایرت‌گیری بانکی ماهانه | D8: ماهانه | E8: روز 5 ماه بعد | F8: 5 | G8: بالا
A9: T102 | B9: پایان ماه | C9: کنترل نهایی اسناد ماهانه | D9: ماهانه | E9: روز 7 ماه بعد | F9: 5 | G9: بالا
A10: T103 | B10: پایان ماه | C10: بستن حساب‌های ماهانه و کنترل مانده‌ها | D10: ماهانه | E10: روز 10 ماه بعد | F10: 7 | G10: بالا
A11: T104 | B11: گزارش | C11: تهیه گزارش مدیریت ماهانه | D11: ماهانه | E11: روز 10 ماه بعد | F11: 5 | G11: متوسط
A12: T105 | B12: حقوق و دستمزد | C12: محاسبه حقوق و دستمزد | D12: ماهانه | E12: روز 28 همان ماه | F12: 5 | G12: بالا
A13: T106 | B13: حقوق و دستمزد | C13: ارسال/پرداخت لیست بیمه تأمین اجتماعی | D13: ماهانه | E13: پایان ماه بعد | F13: 7 | G13: خیلی بالا | H13: قابل کنترل با قانون جاری
A14: T107 | B14: حقوق و دستمزد | C14: ارسال/پرداخت مالیات حقوق | D14: ماهانه | E14: پایان ماه بعد | F14: 7 | G14: خیلی بالا | H14: قابل کنترل با قانون جاری
A15: T108 | B15: بایگانی | C15: بایگانی مدارک و اسناد ماهانه | D15: ماهانه | E15: روز 15 ماه بعد | F15: 3 | G15: متوسط
A16: T201 | B16: مالیات | C16: تهیه و ارسال اظهارنامه ارزش افزوده | D16: فصلی | E16: روز 15 ماه بعد از پایان فصل | F16: 10 | G16: خیلی بالا | H16: مهلت‌ها ممکن است تغییر/تمدید شوند
A17: T202 | B17: مالیات | C17: تهیه و ارسال معاملات فصلی | D17: فصلی | E17: 45 روز پس از پایان فصل | F17: 10 | G17: خیلی بالا | H17: قابل کنترل با قانون جاری
A18: T203 | B18: کنترل فصلی | C18: کنترل جامع حساب‌ها و گزارش فصلی | D18: فصلی | E18: روز 20 ماه بعد از پایان فصل | F18: 10 | G18: بالا
A19: T301 | B19: سالانه | C19: جمع‌آوری مدارک و آماده‌سازی اظهارنامه عملکرد | D19: سالانه | E19: بعد از پایان سال مالی | F19: 30 | G19: خیلی بالا
A20: T302 | B20: سالانه | C20: کنترل نهایی حساب‌ها، بستن سال مالی و انتقال مانده‌ها | D20: سالانه | E20: پایان سال/پس از اسفند | F20: 30 | G20: خیلی بالا

Sheet چک‌لیست حضور
A1: شرکت | B1: حوزه | C1: شرح کنترل | D1: زمان پیشنهادی | E1: آخرین تاریخ انجام | F1: وضعیت | G1: یادداشت
A2: همه شرکت‌ها | B2: بانک/صندوق | C2: کنترل موجودی صندوق و تنخواه | D2: اول حضور | F2: باز
A3: همه شرکت‌ها | B3: بانک/صندوق | C3: کنترل تراکنش‌های بانکی از آخرین حضور تا امروز | D3: اول حضور | F3: باز
A4: همه شرکت‌ها | B4: اسناد | C4: ثبت اسناد عقب‌مانده و کنترل شماره اسناد | D4: حین کار | F4: باز
A5: همه شرکت‌ها | B5: خرید | C5: کنترل فاکتورهای خرید و ضمائم | D5: حین کار | F5: باز
A6: همه شرکت‌ها | B6: فروش | C6: کنترل فاکتورهای فروش و برگشت از فروش | D6: حین کار | F6: باز
A7: همه شرکت‌ها | B7: چک‌ها | C7: کنترل سررسید چک‌های دریافتی و پرداختنی | D7: اول حضور | F7: باز
A8: همه شرکت‌ها | B8: مالیات/بیمه | C8: بررسی کارهای سررسید قانونی این هفته | D8: اول حضور | F8: باز
A9: همه شرکت‌ها | B9: گزارش | C9: ثبت نکات مهم برای گزارش مدیریتی | D9: پایان حضور | F9: باز
A10: همه شرکت‌ها | B10: کنترل خطا | C10: مرور خطاهای قبلی همان شرکت قبل از بستن کار | D10: پایان حضور | F10: باز
A11: همه شرکت‌ها | B11: بایگانی | C11: اسکن/بایگانی مدارک مهم روز | D11: پایان حضور | F11: باز

Sheet پیگیری‌ها
A1: تاریخ ثبت | B1: شرکت | C1: درخواست‌دهنده | D1: موضوع/درخواست | E1: اقدام بعدی | F1: تاریخ پیگیری میلادی | G1: تاریخ پیگیری شمسی | H1: اولویت | I1: وضعیت | J1: وضعیت سررسید | K1: نتیجه/توضیحات
B2: رستگار صنعت پارس | D2: بررسی بدهی مشتری/تامین‌کننده | E2: دریافت ریز حساب و تطبیق | H2: متوسط | I2: باز | J2: =IF(F2="","",IF(I2="انجام شده","انجام شده",IF(F2<TODAY(),"عقب‌افتاده",IF(F2=TODAY(),"امروز",IF(F2<=TODAY()+7,"تا ۷ روز","آینده")))))
B3: کیوان الکترونیک ایرانیان | D3: تکمیل مدارک بیمه/مالیات | E3: پیگیری مدارک ناقص | H3: بالا | I3: باز | J3: =IF(F3="","",IF(I3="انجام شده","انجام شده",IF(F3<TODAY(),"عقب‌افتاده",IF(F3=TODAY(),"امروز",IF(F3<=TODAY()+7,"تا ۷ روز","آینده")))))
J4: =IF(F4="","",IF(I4="انجام شده","انجام شده",IF(F4<TODAY(),"عقب‌افتاده",IF(F4=TODAY(),"امروز",IF(F4<=TODAY()+7,"تا ۷ روز","آینده")))))
J5: =IF(F5="","",IF(I5="انجام شده","انجام شده",IF(F5<TODAY(),"عقب‌افتاده",IF(F5=TODAY(),"امروز",IF(F5<=TODAY()+7,"تا ۷ روز","آینده")))))
J6: =IF(F6="","",IF(I6="انجام شده","انجام شده",IF(F6<TODAY(),"عقب‌افتاده",IF(F6=TODAY(),"امروز",IF(F6<=TODAY()+7,"تا ۷ روز","آینده")))))
J7: =IF(F7="","",IF(I7="انجام شده","انجام شده",IF(F7<TODAY(),"عقب‌افتاده",IF(F7=TODAY(),"امروز",IF(F7<=TODAY()+7,"تا ۷ روز","آینده")))))
J8: =IF(F8="","",IF(I8="انجام شده","انجام شده",IF(F8<TODAY(),"عقب‌افتاده",IF(F8=TODAY(),"امروز",IF(F8<=TODAY()+7,"تا ۷ روز","آینده")))))
J9: =IF(F9="","",IF(I9="انجام شده","انجام شده",IF(F9<TODAY(),"عقب‌افتاده",IF(F9=TODAY(),"امروز",IF(F9<=TODAY()+7,"تا ۷ روز","آینده")))))
J10: =IF(F10="","",IF(I10="انجام شده","انجام شده",IF(F10<TODAY(),"عقب‌افتاده",IF(F10=TODAY(),"امروز",IF(F10<=TODAY()+7,"تا ۷ روز","آینده")))))
J11: =IF(F11="","",IF(I11="انجام شده","انجام شده",IF(F11<TODAY(),"عقب‌افتاده",IF(F11=TODAY(),"امروز",IF(F11<=TODAY()+7,"تا ۷ روز","آینده")))))
J12: =IF(F12="","",IF(I12="انجام شده","انجام شده",IF(F12<TODAY(),"عقب‌افتاده",IF(F12=TODAY(),"امروز",IF(F12<=TODAY()+7,"تا ۷ روز","آینده")))))
J13: =IF(F13="","",IF(I13="انجام شده","انجام شده",IF(F13<TODAY(),"عقب‌افتاده",IF(F13=TODAY(),"امروز",IF(F13<=TODAY()+7,"تا ۷ روز","آینده")))))
J14: =IF(F14="","",IF(I14="انجام شده","انجام شده",IF(F14<TODAY(),"عقب‌افتاده",IF(F14=TODAY(),"امروز",IF(F14<=TODAY()+7,"تا ۷ روز","آینده")))))
J15: =IF(F15="","",IF(I15="انجام شده","انجام شده",IF(F15<TODAY(),"عقب‌افتاده",IF(F15=TODAY(),"امروز",IF(F15<=TODAY()+7,"تا ۷ روز","آینده")))))
... J200: =IF(F200="","",IF(I200="انجام شده","انجام شده",IF(F200<TODAY(),"عقب‌افتاده",IF(F200=TODAY(),"امروز",IF(F200<=TODAY()+7,"تا ۷ روز","آینده")))))

Sheet مغایرت بانکی
A1: شرکت | B1: حساب/بانک | C1: دوره/ماه | D1: تاریخ کشف | E1: مبلغ | F1: نوع مغایرت | G1: شرح مغایرت | H1: اقدام اصلاحی | I1: وضعیت | J1: مسئول | K1: تاریخ هدف | L1: توضیحات

Sheet اطلاعات سامانه‌ها
A1: شرکت | B1: سامانه/موضوع | C1: آدرس سایت | D1: نام کاربری | E1: شناسه/کد مرتبط | F1: رمز عبور | G1: تاریخ آخرین کنترل | H1: توضیحات
A2: موسسه شهر کتاب مرکزی | B2: سامانه مؤدیان/مالیات | C2: https://my.tax.gov.ir | F2: ترجیحاً رمز واقعی را اینجا ذخیره نکنید
A3: موسسه شهر کتاب مرکزی | B3: مالیات حقوق | C3: https://salary.tax.gov.ir | F3: ترجیحاً رمز واقعی را اینجا ذخیره نکنید
A4: موسسه شهر کتاب مرکزی | B4: تأمین اجتماعی | C4: https://eservices.tamin.ir | F4: ترجیحاً رمز واقعی را اینجا ذخیره نکنید
A5: موسسه شهر کتاب مرکزی | B5: ارزش افزوده | C5: https://my.tax.gov.ir | F5: ترجیحاً رمز واقعی را اینجا ذخیره نکنید
A6: موسسه شهر کتاب مرکزی | B6: نرم‌افزار حسابداری | F6: ترجیحاً رمز واقعی را اینجا ذخیره نکنید
A7: فروشگاه شهر کتاب مرکزی | B7: سامانه مؤدیان/مالیات | C7: https://my.tax.gov.ir | F7: ترجیحاً رمز واقعی را اینجا ذخیره نکنید
A8: فروشگاه شهر کتاب مرکزی | B8: مالیات حقوق | C8: https://salary.tax.gov.ir | F8: ترجیحاً رمز واقعی را اینجا ذخیره نکنید
A9: فروشگاه شهر کتاب مرکزی | B9: تأمین اجتماعی | C9: https://eservices.tamin.ir | F9: ترجیحاً رمز واقعی را اینجا ذخیره نکنید
A10: فروشگاه شهر کتاب مرکزی | B10: ارزش افزوده | C10: https://my.tax.gov.ir | F10: ترجیحاً رمز واقعی را اینجا ذخیره نکنید
A11: فروشگاه شهر کتاب مرکزی | B11: نرم‌افزار حسابداری | F11: ترجیحاً رمز واقعی را اینجا ذخیره نکنید
A12: رستگار صنعت پارس | B12: سامانه مؤدیان/مالیات | C12: https://my.tax.gov.ir | F12: ترجیحاً رمز واقعی را اینجا ذخیره نکنید
A13: رستگار صنعت پارس | B13: مالیات حقوق | C13: https://salary.tax.gov.ir | F13: ترجیحاً رمز واقعی را اینجا ذخیره نکنید
A14: رستگار صنعت پارس | B14: تأمین اجتماعی | C14: https://eservices.tamin.ir | F14: ترجیحاً رمز واقعی را اینجا ذخیره نکنید
A15: رستگار صنعت پارس | B15: ارزش افزوده | C15: https://my.tax.gov.ir | F15: ترجیحاً رمز واقعی را اینجا ذخیره نکنید
A16: رستگار صنعت پارس | B16: نرم‌افزار حسابداری | F16: ترجیحاً رمز واقعی را اینجا ذخیره نکنید
A17: کیوان الکترونیک ایرانیان | B17: سامانه مؤدیان/مالیات | C17: https://my.tax.gov.ir | F17: ترجیحاً رمز واقعی را اینجا ذخیره نکنید
A18: کیوان الکترونیک ایرانیان | B18: مالیات حقوق | C18: https://salary.tax.gov.ir | F18: ترجیحاً رمز واقعی را اینجا ذخیره نکنید
A19: کیوان الکترونیک ایرانیان | B19: تأمین اجتماعی | C19: https://eservices.tamin.ir | F19: ترجیحاً رمز واقعی را اینجا ذخیره نکنید
A20: کیوان الکترونیک ایرانیان | B20: ارزش افزوده | C20: https://my.tax.gov.ir | F20: ترجیحاً رمز واقعی را اینجا ذخیره نکنید
A21: کیوان الکترونیک ایرانیان | B21: نرم‌افزار حسابداری | F21: ترجیحاً رمز واقعی را اینجا ذخیره نکنید
A22: کیهان توسعه البرز | B22: سامانه مؤدیان/مالیات | C22: https://my.tax.gov.ir | F22: ترجیحاً رمز واقعی را اینجا ذخیره نکنید
A23: کیهان توسعه البرز | B23: مالیات حقوق | C23: https://salary.tax.gov.ir | F23: ترجیحاً رمز واقعی را اینجا ذخیره نکنید
A24: کیهان توسعه البرز | B24: تأمین اجتماعی | C24: https://eservices.tamin.ir | F24: ترجیحاً رمز واقعی را اینجا ذخیره نکنید
A25: کیهان توسعه البرز | B25: ارزش افزوده | C25: https://my.tax.gov.ir | F25: ترجیحاً رمز واقعی را اینجا ذخیره نکنید
A26: کیهان توسعه البرز | B26: نرم‌افزار حسابداری | F26: ترجیحاً رمز واقعی را اینجا ذخیره نکنید

Sheet خطاها و تجربیات
A1: شرکت | B1: تاریخ | C1: فرآیند | D1: شرح خطا/ریسک | E1: علت ریشه‌ای | F1: راه‌حل/اصلاح | G1: شماره سند/مدرک | H1: اقدام پیشگیرانه | I1: وضعیت

Sheet گزارشات
A1: گزارشات خودکار بر اساس شیت «کارهای 1405»
A3: شرکت | B3: کل کارها | C3: باز | D3: در حال انجام | E3: انجام شده | F3: عقب‌افتاده | G3: تا ۷ روز | H3: نرخ انجام
A4: موسسه شهر کتاب مرکزی | B4: =COUNTIF('کارهای 1405'!$B:$B,A4) | C4: =COUNTIFS('کارهای 1405'!$B:$B,A4,'کارهای 1405'!$L:$L,"باز") | D4: =COUNTIFS('کارهای 1405'!$B:$B,A4,'کارهای 1405'!$L:$L,"در حال انجام") | E4: =COUNTIFS('کارهای 1405'!$B:$B,A4,'کارهای 1405'!$L:$L,"انجام شده") | F4: =COUNTIFS('کارهای 1405'!$B:$B,A4,'کارهای 1405'!$M:$M,"عقب‌افتاده") | G4: =COUNTIFS('کارهای 1405'!$B:$B,A4,'کارهای 1405'!$M:$M,"تا ۷ روز") | H4: =IFERROR(E4/B4,0)
A5: فروشگاه شهر کتاب مرکزی | B5: =COUNTIF('کارهای 1405'!$B:$B,A5) | C5: =COUNTIFS('کارهای 1405'!$B:$B,A5,'کارهای 1405'!$L:$L,"باز") | D5: =COUNTIFS('کارهای 1405'!$B:$B,A5,'کارهای 1405'!$L:$L,"در حال انجام") | E5: =COUNTIFS('کارهای 1405'!$B:$B,A5,'کارهای 1405'!$L:$L,"انجام شده") | F5: =COUNTIFS('کارهای 1405'!$B:$B,A5,'کارهای 1405'!$M:$M,"عقب‌افتاده") | G5: =COUNTIFS('کارهای 1405'!$B:$B,A5,'کارهای 1405'!$M:$M,"تا ۷ روز") | H5: =IFERROR(E5/B5,0)
A6: رستگار صنعت پارس | B6: =COUNTIF('کارهای 1405'!$B:$B,A6) | C6: =COUNTIFS('کارهای 1405'!$B:$B,A6,'کارهای 1405'!$L:$L,"باز") | D6: =COUNTIFS('کارهای 1405'!$B:$B,A6,'کارهای 1405'!$L:$L,"در حال انجام") | E6: =COUNTIFS('کارهای 1405'!$B:$B,A6,'کارهای 1405'!$L:$L,"انجام شده") | F6: =COUNTIFS('کارهای 1405'!$B:$B,A6,'کارهای 1405'!$M:$M,"عقب‌افتاده") | G6: =COUNTIFS('کارهای 1405'!$B:$B,A6,'کارهای 1405'!$M:$M,"تا ۷ روز") | H6: =IFERROR(E6/B6,0)
A7: کیوان الکترونیک ایرانیان | B7: =COUNTIF('کارهای 1405'!$B:$B,A7) | C7: =COUNTIFS('کارهای 1405'!$B:$B,A7,'کارهای 1405'!$L:$L,"باز") | D7: =COUNTIFS('کارهای 1405'!$B:$B,A7,'کارهای 1405'!$L:$L,"در حال انجام") | E7: =COUNTIFS('کارهای 1405'!$B:$B,A7,'کارهای 1405'!$L:$L,"انجام شده") | F7: =COUNTIFS('کارهای 1405'!$B:$B,A7,'کارهای 1405'!$M:$M,"عقب‌افتاده") | G7: =COUNTIFS('کارهای 1405'!$B:$B,A7,'کارهای 1405'!$M:$M,"تا ۷ روز") | H7: =IFERROR(E7/B7,0)
A8: کیهان توسعه البرز | B8: =COUNTIF('کارهای 1405'!$B:$B,A8) | C8: =COUNTIFS('کارهای 1405'!$B:$B,A8,'کارهای 1405'!$L:$L,"باز") | D8: =COUNTIFS('کارهای 1405'!$B:$B,A8,'کارهای 1405'!$L:$L,"در حال انجام") | E8: =COUNTIFS('کارهای 1405'!$B:$B,A8,'کارهای 1405'!$L:$L,"انجام شده") | F8: =COUNTIFS('کارهای 1405'!$B:$B,A8,'کارهای 1405'!$M:$M,"عقب‌افتاده") | G8: =COUNTIFS('کارهای 1405'!$B:$B,A8,'کارهای 1405'!$M:$M,"تا ۷ روز") | H8: =IFERROR(E8/B8,0)
A11: گروه کار | B11: کل | C11: باز | D11: در حال انجام | E11: انجام شده | F11: عقب‌افتاده
A12: پایان ماه | B12: =COUNTIF('کارهای 1405'!$C:$C,A12) | C12: =COUNTIFS('کارهای 1405'!$C:$C,A12,'کارهای 1405'!$L:$L,"باز") | D12: =COUNTIFS('کارهای 1405'!$C:$C,A12,'کارهای 1405'!$L:$L,"در حال انجام") | E12: =COUNTIFS('کارهای 1405'!$C:$C,A12,'کارهای 1405'!$L:$L,"انجام شده") | F12: =COUNTIFS('کارهای 1405'!$C:$C,A12,'کارهای 1405'!$M:$M,"عقب‌افتاده")
A13: گزارش | B13: =COUNTIF('کارهای 1405'!$C:$C,A13) | C13: =COUNTIFS('کارهای 1405'!$C:$C,A13,'کارهای 1405'!$L:$L,"باز") | D13: =COUNTIFS('کارهای 1405'!$C:$C,A13,'کارهای 1405'!$L:$L,"در حال انجام") | E13: =COUNTIFS('کارهای 1405'!$C:$C,A13,'کارهای 1405'!$L:$L,"انجام شده") | F13: =COUNTIFS('کارهای 1405'!$C:$C,A13,'کارهای 1405'!$M:$M,"عقب‌افتاده")
A14: حقوق و دستمزد | B14: =COUNTIF('کارهای 1405'!$C:$C,A14) | C14: =COUNTIFS('کارهای 1405'!$C:$C,A14,'کارهای 1405'!$L:$L,"باز") | D14: =COUNTIFS('کارهای 1405'!$C:$C,A14,'کارهای 1405'!$L:$L,"در حال انجام") | E14: =COUNTIFS('کارهای 1405'!$C:$C,A14,'کارهای 1405'!$L:$L,"انجام شده") | F14: =COUNTIFS('کارهای 1405'!$C:$C,A14,'کارهای 1405'!$M:$M,"عقب‌افتاده")
A15: بایگانی | B15: =COUNTIF('کارهای 1405'!$C:$C,A15) | C15: =COUNTIFS('کارهای 1405'!$C:$C,A15,'کارهای 1405'!$L:$L,"باز") | D15: =COUNTIFS('کارهای 1405'!$C:$C,A15,'کارهای 1405'!$L:$L,"در حال انجام") | E15: =COUNTIFS('کارهای 1405'!$C:$C,A15,'کارهای 1405'!$L:$L,"انجام شده") | F15: =COUNTIFS('کارهای 1405'!$C:$C,A15,'کارهای 1405'!$M:$M,"عقب‌افتاده")
A16: مالیات | B16: =COUNTIF('کارهای 1405'!$C:$C,A16) | C16: =COUNTIFS('کارهای 1405'!$C:$C,A16,'کارهای 1405'!$L:$L,"باز") | D16: =COUNTIFS('کارهای 1405'!$C:$C,A16,'کارهای 1405'!$L:$L,"در حال انجام") | E16: =COUNTIFS('کارهای 1405'!$C:$C,A16,'کارهای 1405'!$L:$L,"انجام شده") | F16: =COUNTIFS('کارهای 1405'!$C:$C,A16,'کارهای 1405'!$M:$M,"عقب‌افتاده")
A17: کنترل فصلی | B17: =COUNTIF('کارهای 1405'!$C:$C,A17) | C17: =COUNTIFS('کارهای 1405'!$C:$C,A17,'کارهای 1405'!$L:$L,"باز") | D17: =COUNTIFS('کارهای 1405'!$C:$C,A17,'کارهای 1405'!$L:$L,"در حال انجام") | E17: =COUNTIFS('کارهای 1405'!$C:$C,A17,'کارهای 1405'!$L:$L,"انجام شده") | F17: =COUNTIFS('کارهای 1405'!$C:$C,A17,'کارهای 1405'!$M:$M,"عقب‌افتاده")
A18: سالانه | B18: =COUNTIF('کارهای 1405'!$C:$C,A18) | C18: =COUNTIFS('کارهای 1405'!$C:$C,A18,'کارهای 1405'!$L:$L,"باز") | D18: =COUNTIFS('کارهای 1405'!$C:$C,A18,'کارهای 1405'!$L:$L,"در حال انجام") | E18: =COUNTIFS('کارهای 1405'!$C:$C,A18,'کارهای 1405'!$L:$L,"انجام شده") | F18: =COUNTIFS('کارهای 1405'!$C:$C,A18,'کارهای 1405'!$M:$M,"عقب‌افتاده")

Sheet تنظیمات
A1: شرکت‌ها | B1: وضعیت کار | C1: اولویت | D1: تناوب | E1: گروه کار | F1: بازه حضور | G1: وضعیت پیگیری | H1: درصد پیشرفت
A2: همه شرکت‌ها | B2: باز | C2: خیلی بالا | D2: حضور/روزانه | E2: حضور/روزانه | F2: کامل | G2: باز | H2: 0
A3: موسسه شهر کتاب مرکزی | B3: در حال انجام | C3: بالا | D3: هفتگی | E3: پایان ماه | F3: صبح / نصف‌روز | G3: در حال پیگیری | H3: 25
A4: فروشگاه شهر کتاب مرکزی | B4: انجام شده | C4: متوسط | D4: ماهانه | E4: گزارش | F4: عصر / نصف‌روز | G4: انجام شده | H4: 50
A5: رستگار صنعت پارس | B5: معوق | C5: پایین | D5: فصلی | E5: حقوق و دستمزد | F5: نامشخص | G5: بسته شده | H5: 75
A6: کیوان الکترونیک ایرانیان | B6: لغو شده | D6: سالانه | E6: بایگانی | G6: لغو شده | H6: 100
A7: کیهان توسعه البرز | D7: موردی | E7: مالیات
E8: کنترل فصلی
E9: سالانه

Sheet راهنما و منابع
A1: راهنما، فرضیات و منابع فایل
A2: موضوع | B2: توضیح | C2: منبع/لینک | D2: نیاز به کنترل کاربر | E2: یادداشت | F2: اولویت
A3: مبنای طراحی | B3: براساس فایل متنی ارسالی درباره مدیریت حسابداری ۵ شرکت، سررسیدها و داشبورد دائمی طراحی شده است. | D3: خیر | E3: سال کاری ۱۴۰۵ | F3: بالا
A4: لیست بیمه تأمین اجتماعی | B4: به‌صورت پیش‌فرض برای هر ماه تا پایان ماه بعد برنامه‌ریزی شده است. | C4: https://www.tamin.ir/news/item/7043/%D8%AA%D8%B4%D8%B1%DB%8C%D8%AD-%D9%81%D8%B1%D8%A7%DB%8C%D9%86%D8%AF-%D9%85%D8%A7%D8%AF%D9%87-39--%D9%86%D8%AD%D9%88%D9%87-%D8%A7%D8%B1%D8%B3%D8%A7%D9%84-%D9%84%DB%8C%D8%B3%D8%AA-%D9%88%D9%BE%D8%B1%D8%AF%D8%A7%D8%AE%D8%AA-%D8%AD%D9%82-%D8%A8%DB%8C%D9%85%D9%87-%D9%82%D8%A7%D9%86%D9%88%D9%86-%D8%AA%D8%A7%D9%85%DB%8C%D9%86-%D8%A7%D8%AC%D8%AA%D9%85%D8%A7%D8%B9%DB%8C | D4: بله | E4: تعطیلی/تمدید را کنترل کنید | F4: خیلی بالا
A5: مالیات حقوق | B5: به‌صورت پیش‌فرض پایان ماه بعد گذاشته شده، اما قبل از موعد باید با سامانه و قانون جاری کنترل شود. | C5: https://qavanin.ir/Law/TreeText/?IDS=892583840653829785 | D5: بله | F5: خیلی بالا
A6: معاملات فصلی | B6: به‌صورت پیش‌فرض ۴۵ روز پس از پایان فصل درج شده است. | C6: https://www.sepidarsystem.com/blog/ttms/ | D6: بله | E6: ممکن است بخشنامه/تمدید داشته باشد | F6: خیلی بالا
A7: ارزش افزوده | B7: مهلت‌ها ممکن است با بخشنامه و تمدید دوره‌ای تغییر کنند؛ در شیت الگوها قابل اصلاح است. | C7: https://www.intamedia.ir | D7: بله | E7: قبل از موعد رسمی بررسی شود | F7: خیلی بالا
A8: امنیت رمزها | B8: در شیت اطلاعات سامانه‌ها بهتر است رمز واقعی ذخیره نشود یا فایل رمزگذاری شود. | D8: بله | F8: بالا
A9: روش استفاده | B9: ستون‌های وضعیت، درصد پیشرفت، تاریخ انجام و توضیحات را در شیت کارهای ۱۴۰۵ به‌روز کنید؛ گزارش‌ها و داشبورد خودکار تغییر می‌کنند. | D9: خیر | F9: بالا
